sample_num,left_count,right_count
Logging stopped. Total samples: 3000, Time: 30000 ms
0,9280,43301
1,9235,43341
2,9190,43381
3,9146,43421
4,9101,43461
5,9056,43501
6,9012,43541
7,8967,43581
8,8922,43621
9,8878,43661
10,8833,43701
11,8788,43741
12,8744,43781
13,8699,43821
14,8654,43861
15,8610,43901
16,8565,43941
17,8520,43981
18,8475,44021
19,8431,44061
20,8386,44101
21,8341,44141
22,8297,44181
23,8252,44221
24,8207,44261
25,8163,44300
26,8118,44340
27,8073,44380
28,8029,44420
29,7984,44460
30,7940,44500
31,7895,44540
32,7850,44580
33,7805,44620
34,7761,44660
35,7716,44700
36,7671,44740
37,7627,44779
38,7582,44819
39,7537,44859
40,7493,44899
41,7448,44939
42,7404,44979
43,7359,45019
44,7314,45059
45,7270,45099
46,7225,45139
47,7180,45179
48,7136,45219
49,7091,45259
50,7046,45299
51,7002,45339
52,6957,45379
53,6912,45419
54,6868,45459
55,6823,45498
56,6778,45538
57,6734,45578
58,6689,45618
59,6644,45658
60,6600,45698
61,6555,45738
62,6510,45778
63,6465,45818
64,6421,45858
65,6376,45898
66,6332,45938
67,6287,45978
68,6242,46018
69,6198,46058
70,6153,46097
71,6108,46137
72,6064,46177
73,6019,46217
74,5974,46257
75,5929,46297
76,5885,46337
77,5840,46377
78,5795,46417
79,5751,46457
80,5706,46497
81,5661,46537
82,5617,46577
83,5572,46617
84,5528,46657
85,5483,46697
86,5438,46737
87,5393,46777
88,5348,46817
89,5304,46857
90,5259,46897
91,5214,46937
92,5170,46977
93,5125,47016
94,5080,47056
95,5036,47096
96,4991,47136
97,4946,47176
98,4902,47216
99,4857,47256
100,4812,47296
101,4768,47336
102,4723,47376
103,4678,47416
104,4634,47456
105,4589,47496
106,4545,47536
107,4500,47576
108,4455,47616
109,4411,47656
110,4366,47696
111,4322,47736
112,4277,47775
113,4232,47815
114,4188,47855
115,4143,47895
116,4098,47935
117,4054,47975
118,4009,48015
119,3964,48055
120,3920,48095
121,3875,48135
122,3830,48175
123,3786,48215
124,3741,48255
125,3696,48295
126,3652,48335
127,3607,48375
128,3562,48415
129,3518,48455
130,3473,48495
131,3428,48535
132,3384,48575
133,3339,48615
134,3294,48655
135,3250,48695
136,3205,48735
137,3160,48775
138,3116,48815
139,3071,48855
140,3026,48895
141,2982,48935
142,2937,48975
143,2892,49015
144,2848,49055
145,2803,49095
146,2759,49135
147,2714,49175
148,2669,49215
149,2625,49254
150,2580,49294
151,2536,49334
152,2491,49374
153,2446,49414
154,2402,49454
155,2357,49494
156,2312,49534
157,2268,49574
158,2223,49614
159,2178,49654
160,2134,49694
161,2089,49734
162,2044,49774
163,2000,49814
164,1955,49854
165,1910,49894
166,1866,49933
167,1821,49973
168,1776,50013
169,1732,50053
170,1687,50093
171,1642,50133
172,1598,50173
173,1553,50213
174,1508,50253
175,1464,50293
176,1419,50333
177,1374,50373
178,1330,50413
179,1285,50453
180,1241,50492
181,1196,50532
182,1152,50572
183,1107,50612
184,1062,50652
185,1018,50692
186,973,50732
187,928,50772
188,884,50812
189,839,50852
190,794,50892
191,750,50932
192,705,50971
193,660,51011
194,616,51051
195,571,51091
196,526,51131
197,482,51171
198,437,51211
199,392,51251
200,348,51291
201,303,51331
202,258,51371
203,214,51411
204,169,51451
205,124,51491
206,80,51531
207,35,51571
208,65526,51610
209,65482,51650
210,65437,51690
211,65392,51730
212,65348,51770
213,65303,51810
214,65259,51850
215,65214,51890
216,65170,51930
217,65125,51970
218,65080,52010
219,65036,52050
220,64991,52089
221,64946,52129
222,64902,52169
223,64857,52209
224,64812,52249
225,64768,52289
226,64723,52329
227,64678,52369
228,64634,52409
229,64589,52449
230,64544,52489
231,64500,52529
232,64456,52569
233,64411,52609
234,64366,52648
235,64322,52688
236,64277,52728
237,64232,52768
238,64188,52808
239,64143,52848
240,64098,52888
241,64054,52928
242,64009,52968
243,63964,53008
244,63920,53048
245,63875,53088
246,63830,53128
247,63786,53168
248,63741,53208
249,63696,53248
250,63652,53288
251,63607,53328
252,63562,53368
253,63518,53408
254,63473,53448
255,63428,53488
256,63384,53528
257,63339,53568
258,63294,53608
259,63250,53648
260,63205,53688
261,63161,53728
262,63116,53768
263,63071,53808
264,63027,53848
265,62982,53888
266,62938,53928
267,62893,53968
268,62848,54008
269,62804,54048
270,62759,54088
271,62714,54128
272,62670,54168
273,62625,54208
274,62580,54248
275,62536,54288
276,62492,54328
277,62447,54368
278,62402,54408
279,62358,54448
280,62313,54488
281,62268,54528
282,62224,54568
283,62179,54608
284,62134,54648
285,62090,54688
286,62045,54728
287,62000,54768
288,61956,54808
289,61911,54848
290,61866,54888
291,61822,54928
292,61777,54968
293,61732,55008
294,61688,55048
295,61643,55088
296,61599,55128
297,61554,55168
298,61510,55208
299,61465,55248
300,61420,55288
301,61376,55328
302,61331,55368
303,61286,55408
304,61242,55448
305,61197,55488
306,61152,55528
307,61108,55568
308,61063,55608
309,61018,55648
310,60974,55688
311,60929,55728
312,60884,55768
313,60840,55808
314,60795,55848
315,60750,55888
316,60706,55928
317,60661,55968
318,60616,56008
319,60572,56048
320,60527,56088
321,60483,56128
322,60438,56168
323,60394,56208
324,60349,56248
325,60304,56288
326,60260,56328
327,60215,56368
328,60170,56408
329,60126,56448
330,60081,56487
331,60037,56527
332,59992,56567
333,59948,56607
334,59903,56647
335,59858,56687
336,59814,56727
337,59769,56767
338,59724,56807
339,59680,56847
340,59635,56887
341,59591,56927
342,59546,56967
343,59502,57007
344,59457,57047
345,59412,57087
346,59368,57127
347,59323,57167
348,59278,57206
349,59234,57246
350,59189,57286
351,59144,57326
352,59100,57366
353,59055,57406
354,59010,57446
355,58966,57486
356,58921,57526
357,58877,57566
358,58832,57606
359,58788,57646
360,58743,57686
361,58698,57726
362,58654,57766
363,58609,57806
364,58564,57846
365,58520,57885
366,58475,57925
367,58430,57965
368,58386,58005
369,58341,58045
370,58296,58085
371,58252,58125
372,58208,58165
373,58163,58205
374,58118,58245
375,58074,58285
376,58029,58325
377,57984,58365
378,57940,58405
379,57895,58445
380,57851,58485
381,57806,58525
382,57761,58565
383,57717,58605
384,57672,58645
385,57628,58685
386,57583,58725
387,57538,58765
388,57494,58805
389,57449,58845
390,57404,58885
391,57360,58925
392,57315,58965
393,57271,59005
394,57226,59045
395,57182,59085
396,57137,59125
397,57092,59165
398,57048,59205
399,57003,59245
400,56958,59285
401,56914,59325
402,56869,59365
403,56824,59405
404,56780,59445
405,56735,59485
406,56690,59525
407,56646,59565
408,56601,59605
409,56556,59645
410,56512,59685
411,56467,59725
412,56422,59765
413,56378,59805
414,56333,59845
415,56288,59886
416,56244,59926
417,56199,59966
418,56154,60006
419,56110,60046
420,56065,60086
421,56020,60126
422,55976,60166
423,55931,60206
424,55886,60246
425,55842,60286
426,55797,60326
427,55752,60366
428,55708,60406
429,55663,60446
430,55618,60486
431,55574,60526
432,55529,60566
433,55484,60606
434,55440,60646
435,55395,60686
436,55350,60726
437,55306,60766
438,55261,60806
439,55216,60846
440,55172,60886
441,55127,60926
442,55082,60966
443,55038,61006
444,54993,61046
445,54948,61086
446,54904,61126
447,54859,61166
448,54814,61206
449,54770,61246
450,54725,61286
451,54680,61326
452,54636,61366
453,54591,61406
454,54546,61446
455,54502,61486
456,54457,61526
457,54412,61566
458,54368,61606
459,54323,61646
460,54278,61686
461,54234,61726
462,54189,61766
463,54144,61806
464,54100,61846
465,54055,61886
466,54010,61926
467,53966,61966
468,53921,62006
469,53876,62046
470,53832,62086
471,53787,62126
472,53742,62166
473,53698,62206
474,53653,62246
475,53608,62286
476,53564,62326
477,53519,62366
478,53474,62406
479,53430,62446
480,53385,62486
481,53340,62526
482,53295,62566
483,53250,62606
484,53206,62646
485,53161,62686
486,53116,62726
487,53072,62766
488,53027,62806
489,52982,62846
490,52938,62886
491,52893,62926
492,52848,62966
493,52804,63006
494,52759,63046
495,52714,63086
496,52670,63126
497,52625,63166
498,52580,63206
499,52536,63246
500,52491,63286
501,52446,63326
502,52402,63366
503,52357,63406
504,52312,63446
505,52268,63486
506,52223,63526
507,52178,63566
508,52133,63606
509,52089,63646
510,52044,63686
511,51999,63726
512,51954,63766
513,51910,63806
514,51865,63846
515,51820,63886
516,51776,63926
517,51731,63966
518,51686,64006
519,51642,64046
520,51597,64086
521,51552,64126
522,51508,64166
523,51463,64206
524,51418,64246
525,51374,64286
526,51329,64326
527,51284,64366
528,51240,64406
529,51195,64446
530,51150,64486
531,51106,64526
532,51061,64566
533,51016,64606
534,50972,64646
535,50927,64686
536,50882,64726
537,50838,64766
538,50793,64806
539,50748,64846
540,50704,64886
541,50659,64926
542,50614,64966
543,50570,65006
544,50525,65046
545,50480,65086
546,50436,65126
547,50391,65166
548,50346,65206
549,50302,65246
550,50257,65286
551,50212,65326
552,50168,65366
553,50123,65406
554,50078,65446
555,50034,65486
556,49989,65526
557,49944,30
558,49900,70
559,49855,110
560,49810,150
561,49766,190
562,49721,230
563,49676,270
564,49631,310
565,49587,350
566,49542,390
567,49497,430
568,49453,470
569,49408,510
570,49364,550
571,49319,590
572,49274,630
573,49229,670
574,49184,710
575,49140,750
576,49095,790
577,49051,830
578,49006,870
579,48961,910
580,48917,950
581,48872,990
582,48828,1030
583,48783,1070
584,48738,1110
585,48694,1150
586,48649,1190
587,48604,1230
588,48559,1270
589,48514,1310
590,48470,1350
591,48425,1390
592,48380,1430
593,48336,1470
594,48291,1510
595,48247,1550
596,48202,1590
597,48157,1630
598,48113,1670
599,48068,1711
600,48024,1751
601,47979,1791
602,47934,1830
603,47890,1871
604,47845,1911
605,47800,1950
606,47756,1991
607,47711,2030
608,47666,2070
609,47622,2110
610,47577,2150
611,47532,2190
612,47488,2230
613,47443,2271
614,47398,2310
615,47354,2351
616,47309,2391
617,47264,2431
618,47220,2471
619,47176,2511
620,47131,2551
621,47086,2591
622,47042,2631
623,46997,2671
624,46952,2711
625,46907,2751
626,46862,2791
627,46818,2831
628,46773,2871
629,46729,2911
630,46684,2951
631,46640,2991
632,46595,3031
633,46550,3071
634,46506,3111
635,46461,3151
636,46416,3191
637,46372,3231
638,46327,3271
639,46282,3311
640,46238,3351
641,46193,3391
642,46148,3431
643,46104,3471
644,46059,3512
645,46014,3551
646,45970,3592
647,45925,3632
648,45880,3672
649,45836,3712
650,45791,3752
651,45746,3792
652,45702,3832
653,45657,3872
654,45612,3912
655,45568,3952
656,45523,3992
657,45479,4032
658,45434,4072
659,45389,4112
660,45345,4152
661,45300,4192
662,45256,4232
663,45211,4272
664,45166,4312
665,45121,4352
666,45077,4392
667,45032,4432
668,44988,4472
669,44943,4513
670,44898,4553
671,44854,4593
672,44809,4633
673,44764,4673
674,44720,4713
675,44675,4753
676,44630,4793
677,44586,4833
678,44541,4873
679,44496,4913
680,44451,4953
681,44407,4993
682,44362,5033
683,44318,5073
684,44273,5113
685,44228,5153
686,44184,5193
687,44139,5233
688,44094,5273
689,44050,5313
690,44005,5353
691,43960,5393
692,43916,5433
693,43871,5473
694,43826,5513
695,43782,5553
696,43737,5593
697,43692,5633
698,43648,5673
699,43603,5713
700,43558,5753
701,43514,5793
702,43469,5833
703,43424,5873
704,43380,5914
705,43335,5953
706,43290,5993
707,43246,6033
708,43201,6073
709,43156,6113
710,43112,6153
711,43067,6193
712,43022,6233
713,42978,6273
714,42933,6313
715,42888,6353
716,42844,6393
717,42799,6433
718,42754,6473
719,42710,6513
720,42665,6553
721,42620,6593
722,42576,6633
723,42531,6673
724,42486,6713
725,42442,6753
726,42397,6793
727,42352,6833
728,42308,6873
729,42263,6913
730,42218,6953
731,42174,6993
732,42129,7033
733,42084,7073
734,42040,7113
735,41995,7153
736,41950,7193
737,41906,7233
738,41861,7273
739,41816,7313
740,41772,7353
741,41727,7393
742,41682,7433
743,41638,7473
744,41593,7513
745,41548,7553
746,41504,7593
747,41459,7633
748,41414,7673
749,41370,7713
750,41325,7753
751,41280,7793
752,41236,7833
753,41191,7873
754,41146,7913
755,41102,7953
756,41057,7993
757,41012,8033
758,40968,8073
759,40923,8113
760,40879,8153
761,40834,8193
762,40789,8233
763,40745,8273
764,40700,8313
765,40656,8353
766,40611,8393
767,40566,8433
768,40522,8473
769,40477,8513
770,40432,8553
771,40388,8593
772,40343,8633
773,40298,8673
774,40254,8713
775,40209,8753
776,40164,8793
777,40120,8833
778,40075,8873
779,40030,8913
780,39986,8953
781,39941,8993
782,39896,9033
783,39852,9073
784,39807,9113
785,39763,9153
786,39718,9193
787,39673,9233
788,39629,9273
789,39584,9313
790,39539,9353
791,39495,9393
792,39450,9433
793,39405,9473
794,39361,9513
795,39316,9553
796,39271,9593
797,39227,9633
798,39182,9673
799,39137,9713
800,39093,9753
801,39048,9793
802,39004,9833
803,38959,9873
804,38914,9913
805,38870,9953
806,38825,9993
807,38780,10033
808,38736,10073
809,38691,10113
810,38646,10153
811,38602,10193
812,38557,10233
813,38512,10273
814,38468,10313
815,38423,10353
816,38378,10393
817,38334,10432
818,38289,10473
819,38244,10512
820,38200,10552
821,38155,10592
822,38110,10632
823,38066,10672
824,38021,10712
825,37976,10752
826,37932,10792
827,37887,10832
828,37842,10872
829,37798,10912
830,37753,10952
831,37708,10992
832,37664,11032
833,37619,11072
834,37574,11112
835,37530,11152
836,37485,11192
837,37440,11232
838,37396,11272
839,37351,11312
840,37306,11352
841,37262,11392
842,37217,11432
843,37172,11472
844,37128,11512
845,37083,11552
846,37038,11592
847,36994,11632
848,36949,11672
849,36904,11712
850,36860,11752
851,36815,11792
852,36770,11832
853,36726,11872
854,36681,11912
855,36636,11952
856,36592,11992
857,36547,12032
858,36502,12072
859,36458,12112
860,36413,12152
861,36368,12192
862,36324,12232
863,36279,12272
864,36235,12312
865,36190,12352
866,36145,12392
867,36101,12432
868,36056,12472
869,36012,12512
870,35967,12552
871,35922,12592
872,35877,12632
873,35833,12672
874,35788,12713
875,35743,12753
876,35699,12793
877,35654,12833
878,35609,12873
879,35565,12913
880,35520,12953
881,35475,12993
882,35430,13033
883,35386,13073
884,35341,13113
885,35296,13153
886,35252,13193
887,35207,13233
888,35162,13273
889,35118,13313
890,35073,13353
891,35028,13393
892,34984,13433
893,34939,13473
894,34894,13513
895,34850,13553
896,34805,13593
897,34760,13633
898,34716,13673
899,34671,13713
900,34626,13753
901,34582,13793
902,34537,13833
903,34492,13873
904,34448,13913
905,34403,13953
906,34358,13993
907,34314,14033
908,34269,14073
909,34224,14113
910,34180,14153
911,34135,14193
912,34090,14233
913,34046,14273
914,34001,14313
915,33956,14353
916,33912,14393
917,33867,14433
918,33822,14473
919,33777,14513
920,33732,14553
921,33688,14593
922,33643,14633
923,33598,14673
924,33554,14713
925,33509,14753
926,33464,14793
927,33420,14833
928,33375,14873
929,33330,14913
930,33286,14953
931,33241,14993
932,33196,15033
933,33152,15073
934,33107,15113
935,33062,15153
936,33018,15193
937,32973,15233
938,32928,15273
939,32884,15313
940,32839,15353
941,32794,15393
942,32750,15433
943,32705,15473
944,32660,15513
945,32616,15553
946,32571,15593
947,32526,15633
948,32482,15673
949,32437,15713
950,32392,15753
951,32347,15793
952,32302,15833
953,32258,15873
954,32213,15913
955,32168,15953
956,32124,15993
957,32079,16033
958,32034,16073
959,31990,16113
960,31945,16153
961,31900,16193
962,31856,16233
963,31811,16273
964,31766,16313
965,31721,16353
966,31677,16393
967,31632,16433
968,31587,16473
969,31542,16513
970,31498,16553
971,31453,16593
972,31408,16633
973,31364,16673
974,31319,16713
975,31274,16753
976,31230,16793
977,31185,16833
978,31140,16873
979,31095,16913
980,31051,16953
981,31006,16993
982,30961,17033
983,30917,17073
984,30872,17113
985,30827,17153
986,30782,17193
987,30738,17233
988,30693,17273
989,30648,17313
990,30604,17353
991,30559,17393
992,30514,17433
993,30470,17473
994,30425,17513
995,30380,17553
996,30335,17594
997,30290,17633
998,30246,17673
999,30201,17713
1000,30156,17753
1001,30112,17793
1002,30067,17833
1003,30022,17873
1004,29978,17913
1005,29933,17953
1006,29888,17993
1007,29843,18033
1008,29799,18073
1009,29754,18113
1010,29709,18153
1011,29664,18193
1012,29620,18233
1013,29575,18273
1014,29530,18313
1015,29486,18353
1016,29441,18393
1017,29396,18433
1018,29351,18473
1019,29306,18514
1020,29262,18553
1021,29217,18594
1022,29172,18634
1023,29128,18673
1024,29083,18714
1025,29038,18754
1026,28994,18794
1027,28949,18834
1028,28904,18874
1029,28860,18914
1030,28815,18954
1031,28770,18994
1032,28725,19034
1033,28680,19074
1034,28636,19114
1035,28591,19154
1036,28546,19194
1037,28502,19234
1038,28457,19274
1039,28412,19314
1040,28368,19354
1041,28323,19394
1042,28278,19434
1043,28233,19474
1044,28189,19514
1045,28144,19554
1046,28099,19594
1047,28054,19634
1048,28010,19674
1049,27965,19715
1050,27920,19755
1051,27876,19795
1052,27831,19835
1053,27786,19875
1054,27742,19915
1055,27697,19955
1056,27652,19995
1057,27608,20035
1058,27563,20075
1059,27518,20115
1060,27473,20155
1061,27428,20195
1062,27384,20235
1063,27339,20275
1064,27294,20315
1065,27250,20355
1066,27205,20395
1067,27160,20435
1068,27116,20475
1069,27071,20515
1070,27026,20555
1071,26982,20595
1072,26937,20635
1073,26892,20675
1074,26848,20715
1075,26803,20755
1076,26758,20795
1077,26713,20835
1078,26668,20875
1079,26624,20915
1080,26579,20955
1081,26534,20995
1082,26490,21035
1083,26445,21075
1084,26400,21115
1085,26356,21155
1086,26311,21195
1087,26266,21235
1088,26222,21275
1089,26177,21315
1090,26132,21355
1091,26088,21395
1092,26043,21435
1093,25998,21475
1094,25954,21515
1095,25909,21555
1096,25864,21595
1097,25820,21635
1098,25775,21675
1099,25730,21715
1100,25685,21755
1101,25640,21795
1102,25596,21835
1103,25551,21875
1104,25506,21915
1105,25462,21955
1106,25417,21995
1107,25372,22035
1108,25328,22075
1109,25283,22115
1110,25238,22155
1111,25194,22195
1112,25149,22235
1113,25104,22275
1114,25060,22315
1115,25015,22355
1116,24970,22395
1117,24926,22435
1118,24881,22475
1119,24836,22515
1120,24792,22555
1121,24747,22595
1122,24702,22635
1123,24657,22675
1124,24613,22715
1125,24568,22755
1126,24524,22795
1127,24479,22835
1128,24434,22875
1129,24390,22915
1130,24345,22955
1131,24300,22995
1132,24255,23035
1133,24211,23075
1134,24166,23115
1135,24121,23155
1136,24077,23195
1137,24032,23235
1138,23987,23275
1139,23942,23315
1140,23898,23355
1141,23853,23395
1142,23808,23435
1143,23764,23475
1144,23719,23515
1145,23674,23555
1146,23630,23595
1147,23585,23635
1148,23540,23675
1149,23496,23715
1150,23451,23755
1151,23406,23795
1152,23362,23835
1153,23317,23875
1154,23272,23915
1155,23227,23955
1156,23182,23995
1157,23138,24035
1158,23093,24075
1159,23048,24115
1160,23004,24155
1161,22959,24195
1162,22914,24235
1163,22870,24275
1164,22825,24315
1165,22780,24355
1166,22736,24395
1167,22691,24435
1168,22646,24475
1169,22601,24515
1170,22556,24555
1171,22512,24595
1172,22467,24635
1173,22422,24675
1174,22378,24715
1175,22333,24755
1176,22288,24795
1177,22243,24835
1178,22198,24875
1179,22154,24915
1180,22109,24955
1181,22064,24995
1182,22020,25035
1183,21975,25075
1184,21930,25115
1185,21886,25155
1186,21841,25195
1187,21796,25235
1188,21752,25275
1189,21707,25315
1190,21662,25355
1191,21617,25395
1192,21572,25435
1193,21528,25475
1194,21483,25515
1195,21438,25555
1196,21394,25595
1197,21349,25635
1198,21304,25675
1199,21260,25715
1200,21215,25755
1201,21170,25795
1202,21126,25835
1203,21081,25875
1204,21036,25915
1205,20991,25955
1206,20947,25995
1207,20902,26035
1208,20857,26075
1209,20812,26115
1210,20768,26155
1211,20723,26195
1212,20678,26235
1213,20634,26275
1214,20589,26315
1215,20544,26355
1216,20500,26395
1217,20455,26435
1218,20410,26475
1219,20365,26515
1220,20320,26555
1221,20276,26595
1222,20231,26635
1223,20186,26675
1224,20142,26715
1225,20097,26755
1226,20052,26795
1227,20008,26835
1228,19963,26875
1229,19918,26915
1230,19874,26955
1231,19829,26995
1232,19784,27035
1233,19740,27075
1234,19695,27115
1235,19650,27155
1236,19605,27195
1237,19560,27235
1238,19516,27275
1239,19471,27315
1240,19426,27355
1241,19382,27395
1242,19337,27435
1243,19292,27475
1244,19248,27515
1245,19203,27555
1246,19158,27595
1247,19113,27635
1248,19069,27675
1249,19024,27715
1250,18979,27755
1251,18934,27795
1252,18890,27835
1253,18845,27875
1254,18800,27915
1255,18756,27955
1256,18711,27995
1257,18666,28035
1258,18622,28075
1259,18577,28115
1260,18532,28155
1261,18487,28195
1262,18442,28235
1263,18398,28275
1264,18353,28315
1265,18308,28355
1266,18264,28395
1267,18219,28435
1268,18174,28475
1269,18129,28515
1270,18084,28555
1271,18040,28595
1272,17995,28635
1273,17950,28675
1274,17906,28715
1275,17861,28755
1276,17816,28794
1277,17772,28834
1278,17727,28874
1279,17682,28914
1280,17637,28954
1281,17593,28994
1282,17548,29034
1283,17503,29074
1284,17458,29114
1285,17414,29154
1286,17369,29194
1287,17324,29234
1288,17280,29274
1289,17235,29314
1290,17190,29354
1291,17145,29394
1292,17100,29434
1293,17056,29474
1294,17011,29514
1295,16966,29554
1296,16922,29594
1297,16877,29634
1298,16832,29674
1299,16788,29714
1300,16743,29754
1301,16698,29794
1302,16653,29834
1303,16609,29874
1304,16564,29914
1305,16519,29954
1306,16474,29994
1307,16430,30034
1308,16385,30074
1309,16340,30114
1310,16296,30154
1311,16251,30194
1312,16206,30233
1313,16162,30273
1314,16117,30313
1315,16072,30353
1316,16028,30393
1317,15983,30433
1318,15938,30473
1319,15893,30513
1320,15848,30553
1321,15804,30593
1322,15759,30633
1323,15714,30673
1324,15670,30713
1325,15625,30753
1326,15580,30793
1327,15536,30833
1328,15491,30873
1329,15446,30913
1330,15401,30953
1331,15356,30993
1332,15312,31033
1333,15267,31073
1334,15222,31113
1335,15178,31153
1336,15133,31193
1337,15088,31233
1338,15044,31273
1339,14999,31313
1340,14954,31353
1341,14909,31393
1342,14864,31433
1343,14820,31473
1344,14775,31513
1345,14730,31553
1346,14686,31593
1347,14641,31633
1348,14596,31673
1349,14552,31713
1350,14507,31753
1351,14462,31793
1352,14418,31833
1353,14373,31873
1354,14328,31913
1355,14283,31953
1356,14238,31993
1357,14194,32033
1358,14149,32073
1359,14104,32113
1360,14060,32153
1361,14015,32193
1362,13970,32233
1363,13925,32273
1364,13881,32313
1365,13836,32353
1366,13791,32393
1367,13746,32433
1368,13702,32473
1369,13657,32513
1370,13612,32553
1371,13568,32593
1372,13523,32633
1373,13478,32673
1374,13434,32713
1375,13389,32753
1376,13344,32793
1377,13300,32833
1378,13255,32873
1379,13210,32913
1380,13165,32953
1381,13120,32993
1382,13076,33033
1383,13031,33073
1384,12986,33113
1385,12942,33153
1386,12897,33193
1387,12852,33233
1388,12808,33273
1389,12763,33313
1390,12718,33353
1391,12673,33393
1392,12628,33433
1393,12584,33473
1394,12539,33513
1395,12494,33553
1396,12450,33593
1397,12405,33633
1398,12360,33673
1399,12316,33713
1400,12271,33753
1401,12226,33793
1402,12181,33833
1403,12136,33873
1404,12092,33913
1405,12047,33953
1406,12002,33993
1407,11958,34033
1408,11913,34073
1409,11868,34113
1410,11823,34153
1411,11778,34193
1412,11734,34233
1413,11689,34273
1414,11644,34313
1415,11600,34353
1416,11555,34393
1417,11510,34433
1418,11466,34473
1419,11421,34513
1420,11376,34553
1421,11331,34593
1422,11287,34633
1423,11242,34673
1424,11197,34713
1425,11152,34753
1426,11108,34793
1427,11063,34833
1428,11018,34873
1429,10974,34913
1430,10929,34953
1431,10884,34993
1432,10839,35033
1433,10794,35073
1434,10750,35113
1435,10705,35153
1436,10660,35193
1437,10616,35233
1438,10571,35273
1439,10526,35313
1440,10481,35353
1441,10436,35393
1442,10392,35433
1443,10347,35473
1444,10302,35513
1445,10258,35553
1446,10213,35593
1447,10168,35633
1448,10123,35673
1449,10079,35713
1450,10034,35753
1451,9989,35793
1452,9944,35833
1453,9900,35873
1454,9855,35913
1455,9810,35953
1456,9766,35993
1457,9721,36033
1458,9676,36073
1459,9631,36113
1460,9586,36153
1461,9542,36193
1462,9497,36233
1463,9452,36273
1464,9408,36313
1465,9363,36353
1466,9318,36393
1467,9273,36433
1468,9228,36473
1469,9184,36513
1470,9139,36553
1471,9094,36593
1472,9049,36633
1473,9004,36673
1474,8960,36713
1475,8915,36753
1476,8870,36793
1477,8826,36833
1478,8781,36873
1479,8736,36913
1480,8691,36953
1481,8646,36993
1482,8602,37033
1483,8557,37073
1484,8512,37113
1485,8467,37153
1486,8422,37193
1487,8378,37233
1488,8333,37273
1489,8288,37313
1490,8243,37353
1491,8198,37393
1492,8154,37433
1493,8109,37473
1494,8064,37513
1495,8020,37553
1496,7975,37593
1497,7930,37633
1498,7885,37673
1499,7841,37713
1500,7796,37753
1501,7751,37793
1502,7706,37833
1503,7662,37872
1504,7617,37912
1505,7572,37952
1506,7528,37992
1507,7483,38032
1508,7438,38072
1509,7394,38112
1510,7349,38152
1511,7304,38192
1512,7259,38232
1513,7214,38272
1514,7170,38312
1515,7125,38352
1516,7080,38392
1517,7036,38432
1518,6991,38472
1519,6946,38512
1520,6901,38552
1521,6857,38592
1522,6812,38631
1523,6767,38672
1524,6722,38711
1525,6678,38751
1526,6633,38791
1527,6588,38831
1528,6544,38871
1529,6499,38911
1530,6454,38951
1531,6410,38991
1532,6365,39031
1533,6320,39071
1534,6275,39111
1535,6230,39151
1536,6186,39191
1537,6141,39231
1538,6096,39271
1539,6052,39311
1540,6007,39351
1541,5962,39391
1542,5918,39431
1543,5873,39471
1544,5828,39511
1545,5783,39550
1546,5739,39590
1547,5694,39630
1548,5649,39670
1549,5604,39710
1550,5560,39750
1551,5515,39790
1552,5470,39830
1553,5426,39870
1554,5381,39910
1555,5336,39950
1556,5291,39990
1557,5246,40030
1558,5202,40071
1559,5157,40110
1560,5112,40151
1561,5068,40190
1562,5022,40230
1563,4978,40270
1564,4933,40310
1565,4888,40350
1566,4844,40390
1567,4798,40430
1568,4754,40470
1569,4709,40510
1570,4664,40550
1571,4619,40590
1572,4574,40631
1573,4530,40670
1574,4485,40711
1575,4440,40750
1576,4395,40790
1577,4350,40830
1578,4306,40870
1579,4261,40910
1580,4216,40950
1581,4171,40990
1582,4126,41030
1583,4082,41070
1584,4037,41110
1585,3992,41150
1586,3947,41190
1587,3902,41230
1588,3857,41271
1589,3812,41310
1590,3768,41350
1591,3723,41390
1592,3678,41430
1593,3633,41470
1594,3588,41510
1595,3543,41550
1596,3498,41590
1597,3454,41630
1598,3409,41671
1599,3364,41710
1600,3319,41751
1601,3274,41790
1602,3229,41830
1603,3184,41870
1604,3140,41910
1605,3095,41950
1606,3050,41990
1607,3005,42030
1608,2960,42070
1609,2915,42110
1610,2870,42150
1611,2826,42190
1612,2781,42231
1613,2736,42271
1614,2691,42311
1615,2646,42351
1616,2601,42390
1617,2556,42430
1618,2512,42470
1619,2466,42510
1620,2422,42550
1621,2377,42590
1622,2332,42630
1623,2287,42670
1624,2242,42710
1625,2197,42750
1626,2152,42790
1627,2108,42830
1628,2063,42870
1629,2018,42910
1630,1973,42950
1631,1928,42990
1632,1883,43030
1633,1838,43070
1634,1794,43110
1635,1749,43150
1636,1704,43190
1637,1659,43230
1638,1614,43270
1639,1569,43310
1640,1524,43350
1641,1480,43390
1642,1435,43430
1643,1390,43470
1644,1345,43510
1645,1300,43550
1646,1255,43590
1647,1210,43630
1648,1165,43670
1649,1120,43710
1650,1076,43750
1651,1030,43790
1652,986,43830
1653,941,43870
1654,896,43910
1655,851,43950
1656,806,43990
1657,762,44030
1658,717,44070
1659,672,44110
1660,627,44150
1661,582,44190
1662,537,44230
1663,492,44270
1664,448,44310
1665,402,44350
1666,358,44390
1667,313,44430
1668,268,44470
1669,223,44510
1670,178,44550
1671,133,44590
1672,88,44630
1673,43,44670
1674,65534,44710
1675,65490,44750
1676,65445,44790
1677,65400,44830
1678,65355,44870
1679,65310,44910
1680,65265,44950
1681,65220,44990
1682,65175,45030
1683,65130,45070
1684,65086,45110
1685,65040,45150
1686,64996,45190
1687,64951,45230
1688,64906,45270
1689,64861,45310
1690,64816,45350
1691,64771,45390
1692,64726,45430
1693,64682,45470
1694,64637,45510
1695,64592,45550
1696,64547,45590
1697,64502,45630
1698,64457,45670
1699,64412,45710
1700,64368,45750
1701,64323,45790
1702,64278,45830
1703,64233,45870
1704,64188,45910
1705,64143,45950
1706,64098,45990
1707,64054,46030
1708,64009,46070
1709,63964,46110
1710,63919,46150
1711,63874,46190
1712,63829,46230
1713,63784,46270
1714,63740,46310
1715,63695,46350
1716,63650,46390
1717,63605,46430
1718,63560,46470
1719,63515,46510
1720,63470,46550
1721,63425,46590
1722,63380,46630
1723,63336,46670
1724,63290,46710
1725,63246,46750
1726,63201,46790
1727,63156,46830
1728,63111,46870
1729,63066,46910
1730,63022,46950
1731,62977,46990
1732,62932,47030
1733,62887,47070
1734,62842,47110
1735,62797,47150
1736,62752,47190
1737,62708,47230
1738,62662,47270
1739,62618,47310
1740,62573,47350
1741,62528,47390
1742,62483,47430
1743,62438,47470
1744,62393,47510
1745,62348,47550
1746,62304,47590
1747,62259,47630
1748,62214,47670
1749,62169,47710
1750,62124,47750
1751,62079,47790
1752,62034,47830
1753,61990,47870
1754,61945,47910
1755,61900,47949
1756,61855,47989
1757,61810,48029
1758,61765,48069
1759,61720,48109
1760,61676,48149
1761,61631,48189
1762,61586,48229
1763,61541,48269
1764,61496,48309
1765,61452,48349
1766,61407,48389
1767,61362,48429
1768,61317,48469
1769,61272,48509
1770,61227,48549
1771,61182,48589
1772,61138,48629
1773,61092,48669
1774,61048,48709
1775,61003,48749
1776,60958,48789
1777,60913,48829
1778,60868,48869
1779,60823,48908
1780,60778,48948
1781,60733,48988
1782,60688,49028
1783,60644,49068
1784,60599,49108
1785,60554,49148
1786,60509,49188
1787,60464,49228
1788,60419,49268
1789,60374,49308
1790,60330,49348
1791,60285,49388
1792,60240,49428
1793,60195,49467
1794,60150,49507
1795,60105,49547
1796,60060,49587
1797,60016,49627
1798,59970,49667
1799,59926,49707
1800,59881,49747
1801,59836,49787
1802,59791,49827
1803,59746,49867
1804,59701,49907
1805,59656,49947
1806,59611,49987
1807,59566,50027
1808,59522,50067
1809,59477,50107
1810,59432,50147
1811,59387,50187
1812,59342,50227
1813,59297,50267
1814,59252,50307
1815,59208,50347
1816,59162,50386
1817,59118,50426
1818,59073,50466
1819,59028,50506
1820,58983,50546
1821,58938,50586
1822,58893,50626
1823,58848,50666
1824,58804,50706
1825,58759,50746
1826,58714,50786
1827,58669,50826
1828,58624,50866
1829,58579,50906
1830,58534,50946
1831,58490,50986
1832,58444,51026
1833,58400,51065
1834,58355,51105
1835,58310,51145
1836,58265,51185
1837,58220,51225
1838,58176,51265
1839,58130,51305
1840,58086,51345
1841,58041,51385
1842,57996,51425
1843,57951,51465
1844,57906,51505
1845,57861,51545
1846,57816,51585
1847,57772,51624
1848,57727,51664
1849,57682,51704
1850,57637,51744
1851,57592,51784
1852,57547,51824
1853,57502,51864
1854,57458,51904
1855,57412,51944
1856,57368,51984
1857,57323,52024
1858,57278,52064
1859,57233,52104
1860,57188,52144
1861,57143,52183
1862,57098,52223
1863,57054,52263
1864,57009,52303
1865,56964,52343
1866,56919,52383
1867,56874,52423
1868,56829,52463
1869,56784,52503
1870,56739,52543
1871,56694,52583
1872,56649,52623
1873,56604,52663
1874,56560,52703
1875,56515,52743
1876,56470,52783
1877,56425,52823
1878,56380,52862
1879,56335,52902
1880,56290,52942
1881,56245,52982
1882,56200,53022
1883,56156,53062
1884,56110,53102
1885,56066,53142
1886,56021,53182
1887,55976,53222
1888,55931,53262
1889,55886,53302
1890,55841,53342
1891,55796,53382
1892,55751,53421
1893,55706,53461
1894,55662,53501
1895,55617,53541
1896,55572,53581
1897,55527,53621
1898,55482,53661
1899,55437,53701
1900,55392,53741
1901,55348,53781
1902,55302,53821
1903,55258,53861
1904,55213,53901
1905,55168,53940
1906,55123,53980
1907,55078,54020
1908,55033,54060
1909,54988,54100
1910,54944,54140
1911,54899,54180
1912,54854,54220
1913,54809,54260
1914,54764,54300
1915,54719,54340
1916,54674,54380
1917,54629,54419
1918,54584,54459
1919,54539,54499
1920,54494,54539
1921,54450,54579
1922,54404,54619
1923,54360,54659
1924,54315,54699
1925,54270,54739
1926,54225,54779
1927,54180,54819
1928,54135,54859
1929,54090,54899
1930,54046,54938
1931,54001,54978
1932,53956,55018
1933,53911,55058
1934,53866,55098
1935,53821,55138
1936,53776,55178
1937,53731,55218
1938,53686,55258
1939,53642,55298
1940,53596,55337
1941,53552,55377
1942,53507,55417
1943,53462,55457
1944,53417,55497
1945,53372,55537
1946,53328,55577
1947,53283,55617
1948,53238,55657
1949,53193,55697
1950,53148,55737
1951,53104,55777
1952,53059,55816
1953,53014,55856
1954,52969,55896
1955,52924,55936
1956,52880,55976
1957,52834,56016
1958,52790,56056
1959,52745,56096
1960,52700,56135
1961,52655,56175
1962,52610,56215
1963,52565,56255
1964,52520,56295
1965,52476,56335
1966,52431,56375
1967,52386,56415
1968,52341,56455
1969,52296,56495
1970,52251,56535
1971,52206,56575
1972,52162,56614
1973,52117,56654
1974,52072,56694
1975,52027,56734
1976,51982,56774
1977,51937,56814
1978,51892,56854
1979,51848,56894
1980,51803,56934
1981,51758,56974
1982,51713,57014
1983,51668,57053
1984,51623,57093
1985,51578,57133
1986,51534,57173
1987,51489,57213
1988,51444,57253
1989,51399,57293
1990,51354,57333
1991,51309,57373
1992,51264,57413
1993,51219,57453
1994,51174,57492
1995,51130,57532
1996,51084,57572
1997,51040,57612
1998,50995,57652
1999,50950,57692
2000,50905,57732
2001,50860,57772
2002,50816,57812
2003,50770,57852
2004,50726,57892
2005,50681,57931
2006,50636,57971
2007,50591,58011
2008,50546,58051
2009,50502,58091
2010,50457,58131
2011,50412,58171
2012,50367,58211
2013,50322,58251
2014,50277,58291
2015,50232,58331
2016,50188,58371
2017,50142,58411
2018,50098,58450
2019,50053,58490
2020,50008,58530
2021,49963,58570
2022,49918,58610
2023,49873,58650
2024,49828,58690
2025,49784,58730
2026,49739,58770
2027,49694,58810
2028,49649,58850
2029,49604,58890
2030,49559,58929
2031,49514,58969
2032,49470,59009
2033,49424,59049
2034,49380,59089
2035,49335,59129
2036,49290,59169
2037,49245,59209
2038,49200,59249
2039,49156,59289
2040,49110,59329
2041,49066,59369
2042,49020,59409
2043,48976,59449
2044,48931,59489
2045,48886,59529
2046,48841,59569
2047,48796,59609
2048,48751,59649
2049,48706,59689
2050,48661,59729
2051,48616,59769
2052,48572,59809
2053,48526,59849
2054,48482,59889
2055,48437,59929
2056,48392,59969
2057,48347,60009
2058,48302,60049
2059,48257,60089
2060,48212,60129
2061,48168,60169
2062,48123,60208
2063,48078,60248
2064,48033,60288
2065,47988,60328
2066,47943,60368
2067,47898,60408
2068,47853,60448
2069,47808,60488
2070,47764,60528
2071,47719,60568
2072,47674,60608
2073,47629,60648
2074,47584,60688
2075,47539,60728
2076,47494,60768
2077,47450,60808
2078,47405,60848
2079,47360,60888
2080,47315,60928
2081,47270,60968
2082,47225,61008
2083,47180,61048
2084,47136,61088
2085,47090,61128
2086,47046,61168
2087,47001,61208
2088,46956,61248
2089,46911,61288
2090,46866,61328
2091,46821,61368
2092,46776,61408
2093,46732,61448
2094,46687,61488
2095,46642,61528
2096,46597,61568
2097,46552,61608
2098,46507,61648
2099,46462,61688
2100,46418,61728
2101,46373,61768
2102,46328,61808
2103,46283,61848
2104,46238,61888
2105,46193,61928
2106,46148,61968
2107,46104,62008
2108,46059,62048
2109,46014,62088
2110,45969,62128
2111,45924,62168
2112,45880,62208
2113,45835,62248
2114,45790,62288
2115,45745,62327
2116,45700,62367
2117,45656,62407
2118,45611,62447
2119,45566,62487
2120,45521,62527
2121,45476,62567
2122,45432,62607
2123,45387,62647
2124,45342,62687
2125,45297,62727
2126,45252,62767
2127,45208,62807
2128,45163,62847
2129,45118,62887
2130,45073,62927
2131,45028,62967
2132,44984,63007
2133,44939,63047
2134,44894,63087
2135,44849,63126
2136,44804,63166
2137,44760,63206
2138,44714,63246
2139,44670,63286
2140,44625,63326
2141,44580,63366
2142,44535,63406
2143,44490,63446
2144,44446,63486
2145,44401,63526
2146,44356,63566
2147,44311,63606
2148,44266,63646
2149,44222,63686
2150,44177,63725
2151,44132,63765
2152,44087,63805
2153,44042,63845
2154,43998,63885
2155,43953,63925
2156,43908,63965
2157,43863,64005
2158,43818,64045
2159,43773,64085
2160,43729,64125
2161,43684,64165
2162,43639,64205
2163,43594,64245
2164,43549,64285
2165,43504,64325
2166,43460,64364
2167,43415,64404
2168,43370,64444
2169,43325,64484
2170,43280,64524
2171,43236,64564
2172,43190,64604
2173,43146,64644
2174,43101,64684
2175,43056,64724
2176,43011,64764
2177,42966,64803
2178,42921,64843
2179,42876,64883
2180,42832,64923
2181,42787,64963
2182,42742,65003
2183,42697,65043
2184,42652,65083
2185,42607,65123
2186,42562,65163
2187,42517,65203
2188,42472,65243
2189,42428,65283
2190,42383,65323
2191,42338,65363
2192,42293,65403
2193,42248,65443
2194,42203,65483
2195,42158,65523
2196,42113,26
2197,42068,66
2198,42024,106
2199,41979,146
2200,41934,186
2201,41889,226
2202,41844,266
2203,41800,306
2204,41754,346
2205,41710,386
2206,41665,426
2207,41620,466
2208,41575,506
2209,41530,546
2210,41486,586
2211,41440,626
2212,41396,666
2213,41351,705
2214,41306,745
2215,41261,785
2216,41216,825
2217,41172,865
2218,41126,905
2219,41082,945
2220,41037,985
2221,40992,1025
2222,40947,1065
2223,40902,1105
2224,40857,1145
2225,40812,1185
2226,40768,1225
2227,40723,1265
2228,40678,1305
2229,40633,1345
2230,40588,1385
2231,40543,1424
2232,40498,1464
2233,40454,1504
2234,40409,1544
2235,40364,1584
2236,40319,1624
2237,40274,1664
2238,40229,1704
2239,40184,1744
2240,40140,1784
2241,40095,1824
2242,40050,1864
2243,40005,1904
2244,39960,1944
2245,39915,1984
2246,39870,2023
2247,39826,2064
2248,39780,2103
2249,39736,2143
2250,39691,2183
2251,39646,2223
2252,39601,2263
2253,39556,2303
2254,39511,2343
2255,39466,2383
2256,39421,2423
2257,39376,2463
2258,39332,2503
2259,39287,2543
2260,39242,2583
2261,39197,2623
2262,39152,2663
2263,39107,2703
2264,39062,2743
2265,39018,2783
2266,38972,2823
2267,38928,2863
2268,38883,2903
2269,38838,2943
2270,38793,2983
2271,38748,3023
2272,38703,3062
2273,38658,3102
2274,38614,3142
2275,38569,3182
2276,38524,3222
2277,38479,3262
2278,38434,3302
2279,38389,3342
2280,38344,3382
2281,38300,3422
2282,38254,3462
2283,38210,3502
2284,38165,3542
2285,38120,3582
2286,38075,3622
2287,38030,3662
2288,37985,3702
2289,37940,3742
2290,37896,3782
2291,37851,3822
2292,37806,3862
2293,37761,3901
2294,37716,3941
2295,37671,3981
2296,37626,4021
2297,37582,4061
2298,37537,4101
2299,37492,4141
2300,37447,4181
2301,37402,4221
2302,37357,4261
2303,37312,4301
2304,37268,4341
2305,37223,4381
2306,37178,4421
2307,37133,4461
2308,37088,4501
2309,37043,4541
2310,36998,4581
2311,36954,4621
2312,36909,4661
2313,36864,4701
2314,36819,4741
2315,36774,4781
2316,36730,4821
2317,36685,4861
2318,36640,4901
2319,36595,4941
2320,36550,4980
2321,36505,5020
2322,36460,5060
2323,36416,5100
2324,36370,5141
2325,36326,5180
2326,36281,5221
2327,36236,5260
2328,36191,5300
2329,36146,5340
2330,36102,5380
2331,36057,5421
2332,36012,5460
2333,35967,5500
2334,35922,5540
2335,35877,5580
2336,35832,5620
2337,35788,5660
2338,35742,5700
2339,35698,5740
2340,35653,5780
2341,35608,5820
2342,35563,5861
2343,35518,5901
2344,35474,5941
2345,35429,5981
2346,35384,6021
2347,35339,6061
2348,35294,6100
2349,35250,6140
2350,35205,6180
2351,35160,6220
2352,35115,6261
2353,35070,6300
2354,35026,6341
2355,34981,6380
2356,34936,6420
2357,34891,6460
2358,34846,6500
2359,34802,6540
2360,34757,6580
2361,34712,6620
2362,34667,6660
2363,34623,6700
2364,34578,6741
2365,34533,6781
2366,34488,6821
2367,34444,6861
2368,34399,6901
2369,34354,6941
2370,34309,6981
2371,34264,7021
2372,34220,7061
2373,34175,7101
2374,34130,7141
2375,34085,7181
2376,34040,7221
2377,33996,7261
2378,33951,7301
2379,33906,7341
2380,33862,7381
2381,33817,7421
2382,33772,7461
2383,33727,7501
2384,33682,7541
2385,33638,7581
2386,33593,7621
2387,33548,7661
2388,33504,7701
2389,33459,7741
2390,33414,7781
2391,33369,7821
2392,33324,7861
2393,33280,7901
2394,33235,7941
2395,33190,7981
2396,33146,8021
2397,33101,8061
2398,33056,8101
2399,33011,8141
2400,32966,8181
2401,32922,8221
2402,32877,8261
2403,32832,8301
2404,32788,8341
2405,32743,8381
2406,32698,8421
2407,32653,8461
2408,32608,8501
2409,32564,8541
2410,32519,8581
2411,32474,8621
2412,32430,8661
2413,32385,8701
2414,32340,8741
2415,32295,8781
2416,32250,8821
2417,32206,8861
2418,32161,8901
2419,32116,8941
2420,32072,8981
2421,32027,9021
2422,31982,9061
2423,31937,9101
2424,31892,9141
2425,31848,9181
2426,31803,9221
2427,31758,9261
2428,31713,9301
2429,31668,9341
2430,31624,9381
2431,31579,9421
2432,31534,9461
2433,31489,9501
2434,31444,9541
2435,31399,9581
2436,31354,9621
2437,31310,9661
2438,31265,9701
2439,31220,9741
2440,31176,9781
2441,31131,9821
2442,31086,9861
2443,31041,9901
2444,30996,9941
2445,30952,9981
2446,30907,10021
2447,30862,10061
2448,30817,10101
2449,30772,10141
2450,30728,10181
2451,30683,10221
2452,30638,10261
2453,30594,10301
2454,30549,10341
2455,30504,10381
2456,30459,10421
2457,30414,10461
2458,30370,10501
2459,30325,10541
2460,30280,10581
2461,30236,10621
2462,30191,10661
2463,30146,10701
2464,30101,10741
2465,30056,10781
2466,30012,10821
2467,29967,10861
2468,29922,10901
2469,29878,10941
2470,29833,10981
2471,29788,11021
2472,29744,11061
2473,29699,11101
2474,29654,11141
2475,29609,11181
2476,29565,11221
2477,29520,11261
2478,29475,11301
2479,29430,11341
2480,29386,11381
2481,29341,11421
2482,29296,11461
2483,29252,11501
2484,29207,11541
2485,29162,11581
2486,29117,11621
2487,29072,11661
2488,29028,11701
2489,28983,11741
2490,28938,11781
2491,28894,11821
2492,28849,11861
2493,28804,11901
2494,28759,11941
2495,28715,11981
2496,28670,12021
2497,28625,12061
2498,28580,12101
2499,28536,12141
2500,28491,12181
2501,28446,12221
2502,28402,12261
2503,28357,12301
2504,28312,12341
2505,28267,12381
2506,28222,12421
2507,28178,12461
2508,28133,12501
2509,28088,12541
2510,28044,12581
2511,27999,12621
2512,27954,12661
2513,27910,12701
2514,27865,12741
2515,27820,12781
2516,27775,12821
2517,27730,12861
2518,27686,12901
2519,27641,12941
2520,27596,12981
2521,27552,13021
2522,27507,13061
2523,27462,13101
2524,27417,13141
2525,27372,13180
2526,27328,13220
2527,27283,13260
2528,27238,13300
2529,27194,13340
2530,27149,13380
2531,27104,13420
2532,27060,13460
2533,27015,13500
2534,26970,13540
2535,26925,13580
2536,26880,13620
2537,26836,13660
2538,26791,13700
2539,26746,13740
2540,26702,13780
2541,26657,13820
2542,26612,13860
2543,26567,13900
2544,26522,13940
2545,26478,13980
2546,26433,14020
2547,26388,14060
2548,26344,14100
2549,26299,14140
2550,26254,14180
2551,26209,14220
2552,26165,14260
2553,26120,14300
2554,26075,14340
2555,26030,14380
2556,25986,14420
2557,25941,14460
2558,25896,14500
2559,25852,14540
2560,25807,14580
2561,25762,14620
2562,25717,14660
2563,25673,14700
2564,25628,14740
2565,25583,14780
2566,25538,14820
2567,25494,14860
2568,25449,14900
2569,25404,14940
2570,25360,14980
2571,25315,15020
2572,25270,15060
2573,25225,15100
2574,25180,15140
2575,25136,15180
2576,25091,15220
2577,25046,15260
2578,25002,15300
2579,24957,15340
2580,24912,15380
2581,24867,15420
2582,24822,15460
2583,24778,15500
2584,24733,15540
2585,24688,15580
2586,24644,15620
2587,24599,15660
2588,24554,15700
2589,24509,15740
2590,24464,15780
2591,24420,15820
2592,24375,15861
2593,24330,15901
2594,24285,15941
2595,24240,15981
2596,24196,16021
2597,24151,16061
2598,24106,16101
2599,24061,16141
2600,24016,16181
2601,23972,16221
2602,23927,16261
2603,23882,16301
2604,23837,16341
2605,23792,16381
2606,23748,16421
2607,23703,16461
2608,23658,16501
2609,23614,16541
2610,23569,16581
2611,23524,16621
2612,23479,16661
2613,23434,16701
2614,23390,16741
2615,23345,16781
2616,23300,16821
2617,23255,16861
2618,23210,16901
2619,23166,16941
2620,23121,16981
2621,23076,17021
2622,23032,17061
2623,22987,17101
2624,22942,17141
2625,22897,17181
2626,22852,17221
2627,22808,17261
2628,22763,17301
2629,22718,17341
2630,22674,17381
2631,22629,17421
2632,22584,17461
2633,22539,17501
2634,22494,17541
2635,22450,17581
2636,22405,17621
2637,22360,17661
2638,22315,17701
2639,22270,17741
2640,22226,17781
2641,22181,17821
2642,22136,17861
2643,22092,17901
2644,22047,17941
2645,22002,17981
2646,21957,18021
2647,21912,18061
2648,21868,18101
2649,21823,18141
2650,21778,18181
2651,21733,18221
2652,21689,18261
2653,21644,18301
2654,21599,18341
2655,21554,18381
2656,21510,18421
2657,21465,18461
2658,21420,18501
2659,21376,18541
2660,21331,18581
2661,21286,18621
2662,21241,18661
2663,21196,18701
2664,21152,18741
2665,21107,18781
2666,21062,18821
2667,21018,18861
2668,20973,18901
2669,20928,18941
2670,20883,18981
2671,20838,19021
2672,20794,19062
2673,20749,19102
2674,20704,19142
2675,20660,19182
2676,20615,19222
2677,20570,19262
2678,20525,19302
2679,20480,19342
2680,20436,19382
2681,20391,19422
2682,20346,19462
2683,20302,19502
2684,20257,19542
2685,20212,19582
2686,20167,19622
2687,20123,19662
2688,20078,19702
2689,20033,19742
2690,19988,19782
2691,19944,19822
2692,19899,19862
2693,19854,19902
2694,19810,19942
2695,19765,19983
2696,19720,20023
2697,19675,20063
2698,19630,20103
2699,19586,20143
2700,19541,20183
2701,19496,20223
2702,19452,20263
2703,19407,20303
2704,19362,20343
2705,19317,20383
2706,19272,20423
2707,19228,20463
2708,19183,20503
2709,19138,20543
2710,19094,20583
2711,19049,20623
2712,19004,20663
2713,18959,20704
2714,18915,20744
2715,18870,20784
2716,18825,20824
2717,18780,20864
2718,18736,20904
2719,18691,20944
2720,18646,20984
2721,18602,21024
2722,18557,21064
2723,18512,21104
2724,18467,21144
2725,18422,21185
2726,18378,21225
2727,18333,21265
2728,18288,21305
2729,18244,21345
2730,18199,21385
2731,18154,21425
2732,18110,21465
2733,18065,21505
2734,18020,21545
2735,17975,21585
2736,17930,21625
2737,17886,21665
2738,17841,21705
2739,17796,21745
2740,17752,21785
2741,17707,21826
2742,17662,21866
2743,17617,21906
2744,17572,21946
2745,17528,21986
2746,17483,22026
2747,17438,22066
2748,17394,22106
2749,17349,22146
2750,17304,22187
2751,17259,22227
2752,17214,22267
2753,17170,22307
2754,17125,22347
2755,17080,22387
2756,17035,22427
2757,16990,22467
2758,16946,22507
2759,16901,22547
2760,16856,22588
2761,16811,22628
2762,16766,22668
2763,16722,22708
2764,16677,22748
2765,16632,22788
2766,16588,22828
2767,16543,22868
2768,16498,22909
2769,16453,22949
2770,16408,22989
2771,16364,23029
2772,16319,23069
2773,16274,23109
2774,16229,23149
2775,16184,23189
2776,16140,23230
2777,16095,23270
2778,16050,23310
2779,16005,23350
2780,15960,23390
2781,15916,23430
2782,15871,23470
2783,15826,23511
2784,15781,23551
2785,15736,23591
2786,15692,23631
2787,15647,23671
2788,15602,23711
2789,15558,23751
2790,15513,23791
2791,15468,23832
2792,15423,23872
2793,15378,23912
2794,15334,23952
2795,15289,23992
2796,15244,24033
2797,15199,24073
2798,15154,24113
2799,15110,24153
2800,15065,24193
2801,15020,24233
2802,14975,24273
2803,14930,24313
2804,14886,24354
2805,14841,24394
2806,14796,24434
2807,14751,24474
2808,14706,24514
2809,14662,24554
2810,14617,24594
2811,14572,24635
2812,14527,24675
2813,14482,24715
2814,14438,24755
2815,14393,24795
2816,14348,24835
2817,14303,24875
2818,14258,24915
2819,14214,24956
2820,14169,24996
2821,14124,25036
2822,14080,25076
2823,14034,25116
2824,13990,25156
2825,13945,25196
2826,13900,25237
2827,13856,25277
2828,13810,25317
2829,13766,25357
2830,13721,25397
2831,13676,25437
2832,13631,25477
2833,13586,25517
2834,13542,25557
2835,13497,25598
2836,13452,25638
2837,13407,25678
2838,13362,25718
2839,13318,25758
2840,13273,25798
2841,13228,25838
2842,13183,25878
2843,13138,25919
2844,13094,25959
2845,13049,25999
2846,13004,26039
2847,12959,26079
2848,12914,26119
2849,12870,26159
2850,12825,26199
2851,12780,26239
2852,12736,26279
2853,12690,26319
2854,12646,26360
2855,12601,26400
2856,12556,26440
2857,12512,26480
2858,12467,26520
2859,12422,26560
2860,12377,26600
2861,12332,26640
2862,12288,26680
2863,12243,26720
2864,12198,26761
2865,12154,26801
2866,12109,26841
2867,12064,26881
2868,12020,26921
2869,11975,26961
2870,11930,27001
2871,11885,27041
2872,11841,27081
2873,11796,27121
2874,11751,27161
2875,11706,27201
2876,11662,27241
2877,11617,27281
2878,11572,27321
2879,11528,27361
2880,11483,27402
2881,11438,27442
2882,11394,27482
2883,11349,27522
2884,11304,27562
2885,11259,27602
2886,11215,27642
2887,11170,27682
2888,11125,27722
2889,11080,27762
2890,11036,27802
2891,10991,27842
2892,10946,27882
2893,10902,27922
2894,10857,27962
2895,10812,28002
2896,10768,28042
2897,10723,28082
2898,10678,28122
2899,10634,28162
2900,10589,28202
2901,10544,28242
2902,10499,28282
2903,10454,28322
2904,10410,28362
2905,10365,28402
2906,10320,28442
2907,10276,28482
2908,10231,28522
2909,10186,28562
2910,10141,28602
2911,10097,28642
2912,10052,28682
2913,10007,28722
2914,9962,28762
2915,9918,28802
2916,9873,28842
2917,9828,28882
2918,9784,28922
2919,9739,28962
2920,9694,29002
2921,9649,29042
2922,9604,29082
2923,9560,29122
2924,9515,29162
2925,9470,29202
2926,9426,29242
2927,9381,29282
2928,9336,29322
2929,9291,29362
2930,9246,29402
2931,9202,29442
2932,9157,29482
2933,9112,29522
2934,9068,29562
2935,9023,29602
2936,8978,29642
2937,8933,29682
2938,8888,29722
2939,8844,29762
2940,8799,29802
2941,8754,29842
2942,8710,29882
2943,8665,29922
2944,8620,29962
2945,8575,30002
2946,8531,30042
2947,8486,30082
2948,8441,30122
2949,8396,30162
2950,8352,30202
2951,8307,30242
2952,8262,30282
2953,8218,30322
2954,8173,30362
2955,8128,30402
2956,8083,30442
2957,8038,30482
2958,7994,30522
2959,7949,30562
2960,7904,30602
2961,7859,30643
2962,7814,30683
2963,7770,30723
2964,7725,30763
2965,7680,30803
2966,7636,30843
2967,7591,30883
2968,7546,30923
2969,7501,30963
2970,7456,31003
2971,7412,31043
2972,7367,31083
2973,7322,31123
2974,7278,31163
2975,7233,31203
2976,7188,31243
2977,7143,31283
2978,7098,31323
2979,7054,31363
2980,7009,31403
2981,6964,31443
2982,6919,31484
2983,6874,31524
2984,6830,31564
2985,6785,31604
2986,6740,31644
2987,6695,31684
2988,6650,31724
2989,6606,31764
2990,6561,31804
2991,6516,31845
2992,6471,31885
2993,6426,31925
2994,6382,31965
2995,6337,32005
2996,6292,32045
2997,6247,32085
2998,6202,32125
2999,6158,32166
